Name,Email
Timothy Thompson,ashleytaylor@hotmail.com
Jessica Miller,johnstonnancy@gmail.com
Samuel Kennedy,ubullock@hotmail.com
Alexis Alexander,joseph88@douglas.com
Brittany Morales,james40@silva.com
Dr. Carol Kim,christopheroliver@huffman.biz
Sara Weiss,johnrobinson@yahoo.com
Audrey Jenkins,emilygoodwin@hotmail.com
Jennifer Smith,wmccormick@yahoo.com
Erik Baker,ryan93@shelton-richard.com
William White,rwalker@hotmail.com
Amy Salazar,scott69@zamora.biz
Wesley Torres,qpowell@taylor.info
Blake Tran,miguel31@yahoo.com
Megan Williams,lmccormick@hart-hale.com
Angela Koch,udavis@gmail.com
Lisa Stein,kelly89@hotmail.com
Rachel Miller,thomas46@yahoo.com
Danielle Garcia,ericfleming@hotmail.com
Nicholas Velasquez,blakegreene@hotmail.com
Darlene Matthews,zpeterson@curtis-gould.com
Kenneth James,tylerjudy@ellis.info
Ryan Powell,kporter@yahoo.com
Michael Butler,bakermelissa@hotmail.com
Megan Martinez,thomasbarbara@hotmail.com
Juan Parsons,janeherrera@warner-stewart.info
Christopher Benson,vmartin@yahoo.com
Robert Glover,oliverscott@vazquez-jones.com
James Allen,brianmitchell@gonzalez.com
Scott Richardson,robinwilkinson@nelson.com
Kevin Arellano,huffadam@wilkinson.com
Melinda Smith,ewilcox@hotmail.com
Brianna Osborne,kirbynathaniel@yahoo.com
Katrina Mendoza,elijah81@hotmail.com
Jodi Russell,hoconnie@yahoo.com
Kayla Thomas,jamesclark@hotmail.com
Matthew Spears,berryjames@hotmail.com
Alexandra Rodriguez,martinariel@yahoo.com
Peggy Brown,james13@lamb.info
Rebecca Vaughn,clawrence@washington.com
Debra Horn,shellystevens@hotmail.com
Jeremy Freeman,sean98@phillips.com
Joy Calderon,ablackwell@yahoo.com
Nicholas Davis,ygonzales@hotmail.com
Samuel Rich,grichardson@hotmail.com
Lawrence Dougherty,lawrenceatkinson@ortiz.info
Jaime Russell,tuckeraustin@brown.org
Francisco Travis,tammysteele@ross.info
Jamie Warner,wrightdiana@gmail.com
Ronald Flores,linda93@yahoo.com
Shawn Haynes,nicolerodriguez@mitchell-meyers.com
Pamela Brown,riverashawn@gmail.com
Alan Bowen,amartin@gmail.com
Matthew Torres,shannon69@rice.com
Andrew Peterson,alex07@hotmail.com
Lisa Allen,sknapp@mccormick.com
Jacob Meadows,williemason@yahoo.com
Jennifer Pierce,jonesamy@yahoo.com
Luke Payne,dominic92@clarke.com
Brandon Parker,sescobar@coffey-hill.info
Derrick Maynard,ashley41@tucker.com
Adam Nelson,robertslisa@yahoo.com
Elizabeth Roman,wagnertina@hotmail.com
Kevin Patel,cindy83@hotmail.com
Michael Baldwin,dlopez@powell.com
Shane Foley,xavierward@walker.biz
Jessica Taylor,petersonsue@hotmail.com
Diana Marsh,wrightian@gmail.com
Brent Moore,danielmendoza@moses.com
Cheryl Martinez,cameronrodriguez@gmail.com
James Heath,holmeswanda@yahoo.com
Teresa Rodgers,ashleytaylor@hernandez-anderson.net
Shawn Golden,haileyjones@kelly.com
Michael Taylor,michael96@hurst-price.com
Paula Webster,richardsonroger@yahoo.com
Robert Higgins,justin39@gmail.com
Dana Thomas,georgepatterson@gmail.com
Dr. Christopher Taylor Jr.,manuel83@guerrero-mason.info
Donna Baker,lgibson@leblanc.com
Kimberly Perez,lisa44@yahoo.com
Erika Hubbard,mariahromero@marshall.biz
Chad Henderson,ksimon@hotmail.com
Mallory Rodriguez,clinejoshua@hotmail.com
Carolyn Martinez,edwinroberts@gmail.com
Miss Michele Ball MD,jriley@campos-morris.com
Nathan Wilson,jennifer29@bishop.com
John Ward,gpierce@zimmerman-odom.com
Stephanie Orr,ksanchez@yahoo.com
Tracy Gonzales MD,barrynancy@hotmail.com
Jennifer Mathis,martinethan@murray.com
Ashlee Vasquez,nicole60@carter-johnson.org
Keith Cabrera,kendraball@torres-kane.com
Caleb Weber,tingram@watkins.com
Kevin Marshall,bthompson@gmail.com
Jamie Fritz,thawkins@hunter.info
Matthew Mack,matthewcollins@hill.com
Ryan Brown,dianamoore@marquez.com
Matthew Norton,paulgallegos@hall.net
Scott Rivera,millerdavid@gmail.com
David Duncan,marcus99@gmail.com
Tara Jordan,joseph17@gmail.com
Willie Nguyen,kelly44@yahoo.com
Victoria Norris,richardsonchristian@steele.com
Albert Ryan,sethcole@hotmail.com
James Henson,jasmine35@white.biz
Casey Thompson,michaelshaw@hotmail.com
Mary Martinez,andersonerica@hotmail.com
Amy Hunter MD,curtisjulian@yahoo.com
Matthew Owens,lcole@crane.net
Jessica Thompson,gdaugherty@fernandez-jones.info
Ashley Mathews,efoster@hotmail.com
Doris Anderson,esmith@yahoo.com
Matthew Molina,justinwoods@potter.net
James Mckenzie,cwang@gmail.com
Anthony Collins,hessthomas@smith-jones.com
Daniel Parker,etrujillo@yahoo.com
Elizabeth Williams,sheridavis@yahoo.com
James Butler,elizabethbrowning@murray.org
Omar Pierce,bakerjoyce@hotmail.com
Mary Morrison,alifrances@hernandez.info
Victoria Rice,kristie89@hotmail.com
Jason Adams,brianspencer@smith.com
Ryan Dominguez,michellecaldwell@yahoo.com
Harold Scott,lawsonleslie@yahoo.com
Jonathan Hicks,herreratara@gmail.com
Melanie Mullen,greerkatie@hotmail.com
Renee Reynolds,benjaminhoward@martin-stewart.biz
Denise Ball,teresameyer@jones.net
Matthew Hill,alvarezconnie@murillo-rivers.biz
Brandon Gibson,kathryn43@williams.com
David Blake,scott25@williams-jones.biz
Jessica Perez,weisschristine@jackson-alexander.biz
Darlene Cummings,fosterkaren@gmail.com
Sandra Mccoy,jeremiahlopez@gmail.com
Ethan Chaney,russellgross@ford.biz
Michael Soto,amber38@barron.com
April Cole,megan67@hoover-berger.com
Mr. Kevin Fischer,julia28@yahoo.com
Zachary Rivera,victoria34@hotmail.com
Monique Wright,clarkeangela@hotmail.com
Katie Fox,david15@simon-reed.biz
George Francis,nlewis@lam-nguyen.com
Ryan Figueroa,rivasmegan@christian.com
Amy Mckinney,manderson@hotmail.com
Katherine Kennedy,bobbyking@zuniga.com
Cassandra Ashley,hernandezdana@hotmail.com
Mrs. Tonya Diaz,patrickmorris@king-parker.org
Mr. Robert Cohen,wjenkins@avila.com
Jennifer Adkins,ulambert@moore.com
Lisa Carson,ismith@lucas.net
Regina Green,colton02@martinez.com
Daniel Mendoza,anthonybrown@cook-gamble.com
Michael Brown,zcox@copeland-torres.com
Jerry Gregory,theodoremills@gmail.com
Lynn Chavez,tinawalters@mcmillan.com
Lisa Hansen,carloshouse@hotmail.com
Kevin Scott,jacquelinemeadows@hanna.com
John Vasquez,jacquelinegood@jimenez.com
Heidi Cruz,atapia@hernandez-davis.org
Victoria Tyler,xjohns@gmail.com
Michelle Wood,thansen@yahoo.com
Terry Bean,cynthia25@hotmail.com
Nathan Brewer,noblejames@yahoo.com
Kimberly Zuniga,deannacohen@jackson-johnson.com
Christopher Young,eric73@hotmail.com
Kelsey Freeman,christopher10@dudley.com
Jason Davis,martineztimothy@gmail.com
Denise Johnson,stephanie21@young-smith.com
Kristin Taylor,kellieallen@deleon.biz
Paige Coleman,erincarter@hotmail.com
James Knight,alexa00@gmail.com
Brian Randolph,trevinoanna@gmail.com
Victor Dennis,kellyjohnson@gmail.com
Kenneth Smith,kcampos@humphrey-lee.info
Meredith Cox,vjones@hotmail.com
Shelly Wood,griffithwilliam@yahoo.com
Jeffrey Miller,wscott@spencer.com
Erin Little,louis41@simon-morris.biz
Lynn Mack,anita19@yahoo.com
Lisa Zimmerman,jsmith@gmail.com
David White,kdixon@yahoo.com
Andrea Delacruz,robinsonkeith@hotmail.com
Brian Cook,youngangelica@watts.info
Daniel Hanna,jeffreybrown@gmail.com
Adam Dodson,staffordbrandi@king.com
Michael Owen,andrew01@trevino-kelley.net
Maria Carr,tmcguire@hotmail.com
John Kelley,lisawhite@gmail.com
Nancy Smith,troywhite@yahoo.com
Lauren Atkins,cynthia56@hotmail.com
Meghan Sanchez,guerrasean@robinson-tucker.com
Marco Rodriguez,jacob95@hotmail.com
Leslie Hodge,hailey12@gmail.com
Kellie Yates,jilliangarrett@khan.com
Justin Watson,robert81@hotmail.com
Deborah Austin,kcolon@hotmail.com
Michael Alexander,antoniodavis@foster.com
Samantha Allen,michaelbarrett@gmail.com
Angela Johnson,jessicaadkins@navarro-clark.org
Nicole Holmes,nmorris@smith.org
Megan Middleton,usingh@gmail.com
Jessica Bishop,morgan74@mclean-johns.org
Daniel Foster,victoria31@holmes.org
Amanda Jackson,christopher72@hotmail.com
Shannon Drake,andrew63@haynes-macias.net
Debra Sheppard,xphillips@kelley.com
Bradley Gomez,thompsoncharles@nelson-harris.com
Erin Wood,proctorkelly@gmail.com
Debbie Mcdonald,jacquelinemccarthy@mitchell-alexander.info
Kevin Ortega,mike18@gmail.com
Carol Meyers,emilythomas@hotmail.com
Christopher Riddle,sharonhawkins@dunlap-murphy.org
Karen Sanchez,cmoore@hotmail.com
Frank Jackson,dbrady@dalton-wilson.org
Corey Myers,qray@baxter.com
Annette Shaw,vhayes@anderson.biz
Gregory Reyes,laurenmiles@yahoo.com
Hannah Mccullough,christopher37@soto.biz
Wendy Hopkins,baileycindy@hotmail.com
Timothy Jones,millsnancy@gmail.com
Matthew Munoz MD,steve20@hotmail.com
Kevin Sanchez,sowen@hotmail.com
James Leonard,lchan@tyler.info
Bryan Powers,elynn@young.com
Leslie Warren,wtucker@gmail.com
Lisa Kelly,oatkinson@gmail.com
Christy Chandler,rjames@yahoo.com
Ian Robinson,tiffany25@hicks.net
Lisa Miller,mjackson@white.com
Monica Woods,ashley76@yahoo.com
Adrian Turner,erikamartinez@walls.info
Julie Stone,fuentesashley@gmail.com
Diane Parker,herringbarbara@gmail.com
Daniel Henson,selenalee@yahoo.com
Kaitlyn Young,georgebarry@gmail.com
Lindsey Miles,millerpeter@carroll.com
Crystal Miranda,mharris@hotmail.com
Heather Rivera,phines@yahoo.com
Christopher Brown,susan87@mendoza.org
Mariah Reyes,berrynathaniel@gmail.com
Joan Horton,ianderson@green.com
Eric Reyes,steven92@yahoo.com
Dawn Liu,amy02@hotmail.com
John Ferguson,saundersjennifer@wilson.com
Austin Williams,robertsnicolas@yahoo.com
Matthew Mendoza,brianavincent@rodriguez.com
Nicholas Brown,elizabethcollins@hotmail.com
Matthew Irwin,brandonbrown@davis.com
Elizabeth Dyer,kathryn63@ramirez.com
Zoe Hutchinson,dwilliams@hunt.com
Linda Johnson,gstewart@chan.net
Megan Hernandez,patelgina@hernandez.com
Shannon Nguyen,lindseyturner@johnson.com
Evan Williams,cartertimothy@monroe-townsend.net
Jose Harris,lopezdavid@evans-curtis.org
Stephen Lara,blackburnmichael@roman.com
Jennifer Howell,wheelerheather@hotmail.com
Travis Martinez,bcastro@gmail.com
Crystal Chandler,wendy25@yahoo.com
Amber Lawrence,william64@gmail.com
Mark Wilson,enguyen@rasmussen.com
Christopher Cooley,davidmiller@best.biz
Linda Phillips,nhicks@hotmail.com
Alyssa Jones,elopez@henderson-jackson.com
Cathy Smith,thomas34@ryan.com
Charles Roberts,jwilkerson@hotmail.com
Brian Kelly,odominguez@simpson.com
Nicole Gentry,whiteheadmatthew@gmail.com
Mark Wilson,cynthia82@gmail.com
Shannon Durham,chasejoshua@gmail.com
Daniel Alexander,davidhale@roberts-hunt.biz
Phillip Johnson,wsmith@koch.com
Michael King,nwilliams@hotmail.com
Amber Dixon,jennifer35@hotmail.com
Whitney Brown,cruzjoseph@yahoo.com
Alicia Garcia,karen31@adams.info
Erin Payne,evan11@johnson-ruiz.info
Diane Smith,garciaann@hotmail.com
Troy Dunlap,jonesmichael@barron-carpenter.com
Roger Bradshaw,harmonrandy@yahoo.com
Adam Larson,meganortiz@hotmail.com
Eric Howard,oyoung@joyce-li.com
Willie Campos,kelseymartinez@perez.com
Kenneth Fischer,jacksonrichard@gmail.com
Debra Torres,ptrujillo@gmail.com
Richard Davis,dawncooper@martin.com
Troy Ochoa,davisdouglas@reyes.com
Timothy Martinez,donald84@yahoo.com
Margaret Dean,oosborn@williams.com
William Brown,kyoung@gmail.com
Rebecca Montgomery,peter21@rodriguez.info
Sheila White,ashley29@gmail.com
Lauren Anderson,daviddeleon@gmail.com
Michael Thompson,mary47@moore-bennett.com
Erica Garner,kevinbowen@gmail.com
Kristina Mcdowell,allencaroline@anderson.com
Denise Maynard,emckinney@gmail.com
Adam Cook,suzannenguyen@rodriguez.com
Brandon Allen,gregalvarez@smith.com
John Morgan,kendrabuck@hotmail.com
Matthew Rogers DDS,johnlawrence@yahoo.com
Anthony Johnson,patricksoto@yahoo.com
Joshua Stanley,baxterolivia@hudson.info
Stephen Maxwell DDS,nfitzpatrick@yahoo.com
Andrew Coleman,nancy53@hall.com
Adrienne Howard,suzannejackson@jones.biz
Nathan Gonzales,adrienne60@sharp.info
Courtney Graham,nking@yahoo.com
Brandon Soto,staceynelson@gmail.com
Scott Bennett,james03@yahoo.com
Elizabeth Higgins,jasmineshannon@smith.com
Melissa Jackson,vanessa85@robles.com
Chris Morris,dianapeck@charles.com
Thomas Gibson,cunninghammichelle@williams-long.com
Monica Thompson,ronald61@gmail.com
Laura Vaughan,xyu@yahoo.com
Natalie Cole,danielyork@hotmail.com
Rachel Gonzalez,katherinebaldwin@knight.com
Sarah Gray,rhill@harmon.com
Matthew Gordon,oduncan@vasquez.com
Mr. James Combs,holdeneileen@hotmail.com
Gregory Cox,jeremy98@jones-cisneros.net
Christopher Carter,margaret05@yahoo.com
Kenneth Jackson,alvaradojenna@simpson.com
Yvette Nelson,wesleygriffith@hotmail.com
Stephanie Riddle,franklinblake@moore.com
Nicholas Meyers,xwest@gmail.com
Erin Castro,joseph63@gmail.com
Robert Nguyen,webbnathaniel@yahoo.com
Joshua Kelley,nhale@thomas.net
Joseph Burgess DDS,cookdennis@smith-morse.com
Brian Sanders,cburns@ferrell.info
Christopher Myers,harrisonsusan@best.com
Philip Perkins,gregorywright@yahoo.com
Kyle Byrd,elizabeth89@gmail.com
Michael Phillips,jray@hotmail.com
Dr. Candace Maldonado MD,michellewade@ellis-phillips.info
Karen Owens,anthony06@smith.com
Matthew Burns,pgregory@nichols.com
Terri Campbell,christian52@yahoo.com
Courtney Duncan,reginamurphy@gmail.com
Pamela Lee,riverawhitney@bryant.info
Nathan Dunn,huntmike@ortiz.com
April Thornton,cdavis@hotmail.com
Adam Ferrell DVM,karenyork@small-gutierrez.net
Michael Boyd,danielturner@gmail.com
Laurie Bowman,michael53@martinez.com
Rebecca Jenkins,berryjoshua@gmail.com
Justin Preston,jhopkins@hotmail.com
Victoria Olsen,tracy56@moore-duran.org
Robyn Macdonald,angelamacias@yahoo.com
Katherine Hamilton,sdunn@hotmail.com
John Reyes,robert68@gmail.com
Justin Chambers,robertberger@anderson-thomas.com
Kelly Green,mary30@yahoo.com
Alexis Davis,paul78@gmail.com
Richard Fuentes,molinakevin@hotmail.com
Brad Weiss,kimberlygreene@hotmail.com
Jose Reynolds,cherylhubbard@gmail.com
Michael Price,kristinbullock@payne.com
Suzanne Collins,lori59@yahoo.com
Joseph Jones,williamharrell@gmail.com
Aaron Turner,oray@rose.com
Kimberly Johnson,johnathanbrown@hotmail.com
Douglas Richards,lisafox@rogers.biz
Justin Nelson,raymondbaker@hotmail.com
Jeffrey Brown,michael63@hotmail.com
Sarah Brown,cconley@hotmail.com
Justin Kramer,qsmith@hotmail.com
Amy Clay,donna50@hotmail.com
Mary Palmer,erice@yahoo.com
Christina Medina,julia96@harrington.com
David Hampton,vayers@guzman.com
Luke Diaz,burtonmichele@calderon.info
James Avery,robertfloyd@gardner.com
James Combs,tina68@gmail.com
Jermaine Jones,rojaskatherine@hotmail.com
Amy Schmidt,annebrown@yahoo.com
David Phillips,mklein@rose.com
Aaron Williamson,masonschneider@schneider.info
Robyn Fisher,steven11@lam.net
Crystal Wilson,walldavid@white.com
Gina King,jasonpeterson@yahoo.com
Debra Hartman,ocollins@hotmail.com
Jason Wilson MD,iwilliams@adams.biz
James Sandoval,joewang@johnson.biz
Vicki Johnson,christopherhoward@robinson.info
Brenda Wilson,lindseyjudith@mayer.net
Kristy Bryant,danny21@miller-jordan.com
Brian Williams,josephford@gmail.com
Drew Kirk,ithomas@schmitt.com
Alexis Harris,gonzalezerik@hotmail.com
Monica Wood,johnathan80@coleman.org
Nicholas Berry,jessemcknight@hotmail.com
Jeremy Jones,michael24@farmer.com
Joshua Strickland,hunterderek@long.net
Elizabeth Dillon,johngregory@thomas-smith.org
Julie Sullivan,davenportashley@yahoo.com
Gary Morris,kelsey18@hotmail.com
Kenneth Carrillo,james79@hotmail.com
Amber Parker,madelinejones@turner.com
Kevin Vazquez,nmalone@hotmail.com
Robin Park,benjamin88@gmail.com
Timothy Allen,morenodean@herman-jennings.com
John Black,beth15@hotmail.com
Michael Jensen,cookryan@goodwin-ford.biz
Janet Jackson,dbrown@cobb.com
Brianna Howard,williamsmichele@orr-lee.com
Tyler Williamson,raustin@yahoo.com
Adam Jones,yjimenez@yahoo.com
Michaela Pollard,vasquezjames@morgan.com
Shannon Lewis,derek49@munoz-stevens.com
Kelly Green,burtonmichael@yahoo.com
Andrew Daniels,brownjulie@warner.info
Danielle Allen,dennisthomas@gmail.com
Daniel Jackson,vallen@yahoo.com
Catherine Cox,kenneth03@gmail.com
Amanda White,andrewhicks@hotmail.com
Diane Stewart,qhenson@lowe-brown.org
Jacqueline Williams,mharding@yahoo.com
Kathleen Stevens,davisjose@gmail.com
Michael Garner,trevor52@gonzales-stevens.com
Maxwell Howell,cjones@hotmail.com
Riley Rodriguez,watsonhannah@contreras.com
Lori Wise,cobbjoshua@burke.com
Stephanie Jackson,andrewsmichelle@howell.net
Jessica Martin,olsenrichard@johnson-manning.com
Aaron Park,michael40@yahoo.com
Mary Mcdonald,qcampbell@stone.com
Elizabeth Mcpherson,sdavis@cochran.com
Natasha Miller,gomeztiffany@armstrong-reynolds.biz
Matthew Webb,swells@bowman-thompson.info
Michael Rowe,mary40@douglas.net
John Wagner,sanchezjustin@yahoo.com
Courtney Woods,leechristina@collins-clark.net
Robert Rodgers MD,anthony65@morales-powell.com
Regina Williams,williamdiaz@jones-payne.biz
Morgan Carey,markdominguez@gmail.com
Jesse Vaughn,john68@rivera-turner.net
Ashlee Young,emilystevens@glass-gonzales.net
Dawn George,megan53@yahoo.com
Cynthia Chaney,hoodlindsey@gmail.com
Adrian Wood,jreyes@gonzalez.com
Karen Giles,barbara06@yahoo.com
Alex Mathews,sandrathomas@hotmail.com
Noah Knight,natalie63@reilly.com
Blake Pineda,rodriguezdavid@hahn-moss.com
Jessica Williams,jenniferbennett@chambers-york.com
Wyatt Rios,omiranda@yahoo.com
Jessica Trevino,valenzueladavid@hotmail.com
Tyler Hurst,hsims@gmail.com
Joshua Wade,marcflores@christian.com
Connie Owens,charles25@gmail.com
Scott Sanders,kimberly53@leon.com
Noah Williams,lmoore@martin.com
Sara Wheeler MD,amckay@harvey.info
Amanda Smith,nicholasbriggs@hotmail.com
Kelly Wilkinson,ntaylor@yahoo.com
Andrew Hart,reyesstanley@maxwell-saunders.net
Yolanda Farmer,andrewfox@hotmail.com
Michelle Delacruz,fwilliams@munoz.com
James Fisher,proctoramanda@johnson-murphy.org
Lorraine Oconnor,zsullivan@yahoo.com
Sean Barron,rtodd@yahoo.com
Jessica Andrews,jacquelinedavis@gmail.com
Larry Christensen,ronald39@yahoo.com
Michael Kelley,bking@goodwin-mitchell.net
Erika Henderson,manuelbarnes@yahoo.com
Kenneth Harris,douglas68@gmail.com
Timothy Thomas,katherinejohnston@yahoo.com
Katie Oconnor,reynoldsmeghan@martin.info
Scott Dominguez,olivia93@yahoo.com
James White,charles05@gmail.com
Christopher Mcmahon,gillmarcus@rodriguez-horne.com
James Waller,jamesolson@vega.com
George Odom,amy66@gmail.com
Anita Martinez,fnelson@yahoo.com
Rebecca Wyatt,erikaorozco@dudley-maldonado.com
Monique Maynard,douglas24@gmail.com
Michael Lucas,george04@yahoo.com
Eric Nelson MD,anna02@heath-wiggins.biz
Michael Harris,patricia91@gmail.com
Sara Olson,annritter@gmail.com
Mary Davis,mwilliams@parker.info
Matthew Mitchell,tcunningham@santiago-ross.net
Michael Barr,hendrickskendra@evans.com
April Davis,jaime46@gmail.com
Rachael Smith,francisjessica@hotmail.com
Luke Mccormick,glenn12@carter.com
Amy Alexander,david87@yahoo.com
Becky Henderson,aaronmitchell@smith-cain.com
Jose Ray,cantukevin@moore.com
David Miller,ashleeking@wilson.com
Mr. Michael Howard,brian33@yahoo.com
Michelle Clark,dfuller@hotmail.com
Kevin Fuentes,chadflores@hotmail.com
Eric Galvan,wendywalker@hotmail.com
David Hudson,alvarezkimberly@hotmail.com
Victoria Stephens,karinagonzales@richardson.biz
Amy Chen,judy28@hotmail.com
Anne Brooks,adavis@hotmail.com
Dr. Jerry Walsh,tylersusan@yahoo.com
Amy Wolf,frankemily@hotmail.com
Nicole Ortega,rogerstheresa@yahoo.com
Andrea Collins,emmapatel@gmail.com
Joseph Hunt,todd59@hotmail.com
Penny Massey,james41@hotmail.com
Annette Robertson,bbartlett@yahoo.com
Richard Frederick,gonzalezdavid@gmail.com
Steven Nicholson,jessica97@black-king.info
Noah Stewart,floresanna@gmail.com
Kaitlyn Nelson,dthomas@gmail.com
Keith Parker,zheath@hotmail.com
Christian Howard,christinefuentes@williams.com
Mr. Shawn Holden MD,jacob21@gardner.info
Randall Bird,brianwilson@yahoo.com
Victoria Moore,stokesjohn@yahoo.com
Amy Newman,emilypaul@eaton-durham.biz
Jeffrey Allen,dianajensen@lee-strong.com
Thomas Estrada,donald00@yahoo.com
Christopher Brewer,rosemichael@yahoo.com
Linda Jones,pattersonmatthew@thompson-garrett.net
Jerry Tate,bcolon@tucker.info
Timothy Brown,patriciacross@hall.com
Dawn Camacho,owilliams@hotmail.com
Thomas Sullivan,lisarobinson@yahoo.com
Kevin Peters,cking@gmail.com
Holly Duncan,theresa21@yahoo.com
Jamie Richards,mgriffin@gmail.com
Corey Lang,richardsmegan@rhodes-smith.biz
Jason Schmidt,bobby22@yahoo.com
Sherry Fletcher,brookschristian@alvarado.info
Allen Mann,robinsonmelissa@yahoo.com
Sheila Hall,amanda42@gmail.com
James Williamson,stephen29@hotmail.com
Angelica Mercado,chris66@hotmail.com
Jonathan Mathews,carpentertravis@riley.com
Kim Jackson,sandra50@garcia.com
Jamie French,edwardbutler@hotmail.com
Erin Gomez,jharvey@gmail.com
Christopher Perkins,llee@webster.com
Denise Jordan,lhensley@bean.com
Ryan Love,ahuff@vance-guerrero.com
Krista Turner,danielledavis@gmail.com
Shaun Myers,lwagner@shelton.com
Jennifer Kaufman,zsanchez@harris.net
Nancy Perry,jessicatran@hotmail.com
Matthew Obrien,vazquezdanielle@russell.com
Christopher Monroe,nbaker@gmail.com
Jonathan Aguilar,matthew69@yahoo.com
Sherri Ford,cooperstephanie@jones.info
Evelyn Sellers,bcross@gmail.com
Anne Osborne,iharris@stone.org
Julie Wright,zle@white.biz
Brianna Gay,smithcrystal@lynn.com
Catherine Henry,jennymills@morris.info
Laura King,katherine35@stanley.info
Robert Russo,jennifersmith@hotmail.com
Madeline Ward,wgonzalez@hotmail.com
Mrs. Linda Osborne,fbrown@patel-stanton.com
Patty Owens,luisharvey@gmail.com
Christopher Wilson,brian61@yahoo.com
Cody Johnson,jonesheather@gmail.com
Brittany Leblanc,alejandrochandler@edwards.com
Rhonda Collier,millercaitlin@gmail.com
Jeremiah Peterson,maryschmitt@yahoo.com
Tracy Davis,vhenry@ford-snyder.com
Rebecca Moore,aaron15@mathews-miles.com
Rachael Harris,brandon71@espinoza.com
Scott Campos,petersonkristen@mullins.info
Natalie Mccall,baileyrobert@jefferson.biz
Matthew Boyd,emorales@zimmerman.com
Kim Santos,welchjessica@carey.com
Ariel Jones,jason42@yahoo.com
Michael Galvan,chad77@hotmail.com
Rachael Armstrong,ashleylucas@flowers-savage.org
Dr. Brandon Atkins,bellcraig@fox.info
Wayne Williams,herringantonio@cochran-jackson.com
Dennis Kelley,aaronballard@jennings.com
Alexandra Greene,waltermoyer@smith.com
Natalie Fuller,martinangelica@russell.com
Lisa Gonzales,david39@gmail.com
Brittany Calhoun,qyoung@frost.com
Mr. Joseph Coffey MD,preston89@hotmail.com
Erik Baker,smarquez@gmail.com
Dr. Edward Thomas DVM,mark84@griffith-spencer.com
Gregory Cameron,milleralan@clark-wilson.biz
Ashley Alexander,wcox@boyd.com
Diane Parker,youngbarry@mckenzie-simon.com
Kenneth Jordan,tracy26@smith-thompson.com
Michael Curry,deanna28@yahoo.com
Cody Ortiz,kingterri@gmail.com
Stephen Flowers,davidnixon@leon.com
Jennifer Gomez,luke70@george-andrews.com
Ronald Schultz,johnmiller@yahoo.com
Spencer Grant,christophermartin@french-cochran.com
Christina Adams,smithmeghan@pittman.com
Angie Hall,crystallee@lane.biz
Austin Sanchez,raymondrussell@yahoo.com
Nicholas Dean,uroberts@yahoo.com
Christine Francis,xweaver@jones-jones.com
Gregory Fields,bergmelissa@madden.org
Mr. Steven Nunez,jamie70@yahoo.com
Melanie Fry,smithnichole@meyer-cook.net
Marco Bradley,daniellarry@mcdowell.info
Alexandra Garcia,joshuahester@gmail.com
Aaron Guerra,davidgolden@murray-garza.com
Shelby Robinson,whiteteresa@hotmail.com
Jacob Salazar,briantaylor@petty-allen.com
Charles Watson,ahickman@dickerson.com
Robert Garcia,keith84@andersen-webster.com
Adam Costa,michele33@crawford.com
Madison Cook,hernandezvictoria@yahoo.com
Angela Patrick DDS,rodriguezbrenda@yahoo.com
Wesley Koch,aflores@hayes-baldwin.info
Shelley Pratt,millerkathryn@gmail.com
Kenneth Nelson MD,paul49@matthews-sanford.org
Michelle Wilson,summersvalerie@miller.com
Raymond Sims,bailey58@gmail.com
Luis Bennett,austin92@hotmail.com
Elizabeth Barnes,coxdavid@gmail.com
David Murray,stephen09@dean-cruz.com
Anita Rush,wheelerbrittany@porter-goodman.biz
Jonathan Carpenter,mwalker@simon.com
Ruben Coleman,christineholt@cruz.info
Gail Harrison,stephanietaylor@carter.com
Suzanne Lopez,zperkins@yahoo.com
Omar Allison,deborah29@hotmail.com
Troy Garner,michael66@hotmail.com
John Vargas,robertrhodes@gmail.com
David Mathews,scott36@warren.com
Carla Barnes,cookekathleen@smith.org
Jessica Travis,randy01@hotmail.com
Matthew Dickson,guerrerobrent@gmail.com
Amy Moran MD,megan68@yahoo.com
Adriana Jones,sflores@norton.com
Aaron Holt,michelle56@perez.com
Michele Harris,mmitchell@sanchez.com
Daniel Martinez DDS,cvaldez@sosa-palmer.com
John Herring,christinapeck@jones-riley.biz
Amber Hayden,pagesean@yahoo.com
Philip Maldonado,robin98@gmail.com
Zoe Dunn,bryanbrown@gibson.net
Christopher Thomas,pamelavilla@johnston.com
Brittney Jackson,linnatalie@gmail.com
Derrick Townsend,thoffman@fox-brady.net
Christopher Castillo,elizabeth61@gray-khan.biz
Ms. Susan Kent,nancyortega@patel-cook.com
Maria West,millscindy@wilcox-norris.net
Matthew Clark,debbie10@gmail.com
Maureen Tyler,sharon68@harris.com
Patricia Daniels,james74@delgado.com
Catherine Williams,qcannon@gmail.com
Joseph Miller,kelleybonnie@hughes.com
James Welch,david61@hotmail.com
David Adams,bradley18@taylor-higgins.net
Laurie Foster,pricemichael@yahoo.com
Elizabeth Atkinson,willie48@yahoo.com
Sharon Oconnell,nataliehensley@brown.com
Andrea Allen,johnstonjason@tate.biz
Robin Alexander,tracypowell@rose.com
Brittany Martin,beth22@gmail.com
James Smith,jessicarussell@garza-jones.com
Brian Valdez,pricekimberly@davidson.com
Zachary Johnson,williamsbrian@hotmail.com
Molly Spence,carlos72@hotmail.com
Matthew Sims,moniqueadams@garcia.net
Heather Powell,allenmoore@harrell.info
Ruth Smith,kristi83@yahoo.com
Andrew Arnold,sarah73@rodgers-taylor.net
Jason Pearson,qwright@davis-bates.com
Michael Hopkins,lawrence63@gmail.com
Brittany Miller,ufoster@montgomery-hughes.com
Anna Hammond,richardprice@hotmail.com
Tammy Ortega,leonard63@yahoo.com
Amy Atkins,anna20@mcdaniel-jackson.com
Alan Henderson,elizabethjimenez@perkins-vasquez.net
Johnny Robertson,robert66@gmail.com
William Osborn,ufitzpatrick@yahoo.com
Jose Hall,lanejoseph@gmail.com
Alicia Nelson,fholt@yahoo.com
Roberta Harper,irichardson@hotmail.com
Cassandra Lopez,ypotter@taylor.com
Jessica Nash,john01@patel.org
Andrea Wilson,whitedaisy@gmail.com
Megan Hahn,reesechristopher@wilson.com
Julie Wright,perrybrett@gilmore.com
Terry Ward,inelson@hotmail.com
Stephen Conway,bmorgan@ballard.biz
Chris Reynolds,plewis@yahoo.com
Brandon Carson,williamseric@gmail.com
James Burns,charlesyoung@thompson.org
Ryan Hunter,rebeccasmith@martin-washington.com
Betty Ward MD,janethughes@davis.com
Brian Jacobson,oconnellmichelle@hotmail.com
Yolanda Murphy,stevenscaroline@hotmail.com
Julie Lowery,yatkins@crawford.org
Dr. William Jones,rsilva@hotmail.com
Theresa Freeman,kristin77@hotmail.com
Shannon Edwards,williamwest@hall-nichols.biz
Tony Anderson,ashley17@daniels-kennedy.com
Maureen Davis,bwillis@oconnell-gardner.com
Erin Mcfarland,gregoryfields@dean-smith.com
Dawn Lee,mosesantonio@nguyen.com
Larry Garcia,erikbaldwin@gmail.com
John Blair,upetersen@gmail.com
Benjamin Blackburn,christinasullivan@yahoo.com
John Sullivan,fcurry@butler-nixon.org
Timothy Shea,george10@gmail.com
Shawn Neal,david34@hotmail.com
Kevin Rhodes,wardsheena@gmail.com
Amber Meyer,jonescarlos@williams-perez.net
Joshua Sherman,justinjohnson@parker.org
Miguel Hernandez,kellysteven@gmail.com
Dawn Mccarty,vnolan@dickerson.biz
Jeremy Moss,jacksonrobin@lee-spencer.com
Claudia Hopkins,porterapril@estes-morris.com
Michael Dickerson,robinmckinney@yahoo.com
Allison Wright,shanesheppard@gmail.com
Jaime Finley,barbara71@bauer.com
Johnny Harrington,brockwilliam@gmail.com
Norma Gonzales,vhoward@weaver-zhang.com
Mary Taylor,rodrigueztiffany@hotmail.com
Michelle Lopez,vsmith@hotmail.com
Stephen Thompson,jcollier@brown.com
Tara Gonzalez,brownjoshua@bruce.biz
Cindy Winters,tracey84@james.com
Arthur Howard,mandrews@nguyen-davis.biz
Matthew Richard,david75@hamilton.com
John Wheeler,mendozasara@smith.com
Joseph Frazier,kingjessica@yahoo.com
Crystal Roberts,kimberlyhuynh@yahoo.com
Kathleen Berg,laurie35@johnson.com
David Diaz,ycastillo@duncan-atkins.com
Kimberly Peterson,kelleylindsay@long-west.org
Zachary Roberts,michael47@yahoo.com
Michael Flores,warnerana@hotmail.com
Kimberly Massey,elizabethparker@hotmail.com
Bailey Romero,connie59@beck-owen.com
Bradley Martinez,robertsolivia@adams.biz
Robert David,rachelho@gmail.com
Tiffany Owen,nicholas47@gmail.com
Monique Wade,whitematthew@hotmail.com
Angelica Fields,eadams@hotmail.com
Michael Reid,mward@yahoo.com
Michael Williams,prusso@wolf.biz
Benjamin Sullivan,joseph98@hernandez.biz
Linda Parrish,timothyarroyo@hammond.com
Gary Bryan,timothy59@coleman-lam.com
Kimberly Ward,david06@yahoo.com
Alicia Patterson,amber33@ford-davis.com
Sara Johnson,tompowell@yahoo.com
Abigail Johnson,erika50@yahoo.com
Andre Contreras,youngjason@williams-hale.com
Denise Ortiz,mcgeeryan@leon.net
Tracy Molina,stacyedwards@gmail.com
Jennifer Fields,nhardy@hotmail.com
Yolanda Peck,hintonlisa@jones.com
Eric Cooper,iharris@morrison-lowery.com
Mrs. Holly Morton,herringabigail@reed.com
William Green,dpineda@wells.com
Sarah Moore,codysmith@yahoo.com
Lisa Cummings,jasmine45@medina.com
Alexa Crane,wallen@gmail.com
Angela Jones,sarah60@gmail.com
Paul Morris,matthew68@holland.com
Melissa Jones,elevine@brown.com
Timothy Gomez,greenkathy@yahoo.com
Jacqueline White,lopezdavid@hale.biz
Tiffany Glenn,wilsonrobert@lane-curry.net
Dawn Chen,sloanmisty@hotmail.com
Travis Boone,qrubio@yahoo.com
Karla Fleming,hvelazquez@gmail.com
Matthew Robinson,nielsenanna@gmail.com
James Martin MD,jefferythornton@hotmail.com
Mr. Billy Tapia,kwhite@hunt-young.biz
Tammy Rodriguez,caitlin75@chung.com
Aaron Ochoa,meganrubio@hotmail.com
Charles Morris,jennifer96@delacruz-ruiz.com
Jody Newman DDS,jacksonmartha@hotmail.com
Jeffrey Dixon,ehoward@gmail.com
Roberto Dawson,anthonyrush@yahoo.com
Anthony Lewis,wjenkins@hotmail.com
Dr. Alyssa Walters,melaniehenderson@carr.com
Jean Pena,donnavazquez@garcia.com
Christopher Williams,adam47@schmidt-maxwell.com
Natalie Smith,millercharles@yahoo.com
Anthony Banks,jonathan75@dickerson-mitchell.org
Connie Leach,idavis@yahoo.com
Angela Wright,christopherdonovan@yahoo.com
Jessica Graham,jenniferbarton@yahoo.com
Gregory Keller,yelliott@gmail.com
Christine Dorsey,emilyjackson@yahoo.com
Kevin Hahn,hoodalexis@carter-torres.com
April Perry,clarkjeremy@hotmail.com
Crystal Myers,lhoward@hernandez.com
Elizabeth Lopez,amandaortega@hotmail.com
James Kelly,vhebert@yahoo.com
Pamela Taylor,karenjames@hotmail.com
Nicholas Marshall,munozjames@nunez.com
Susan Mcgrath,tbrooks@harvey.biz
William Young,xbuchanan@phillips.com
Leroy Hancock,jesusstuart@hotmail.com
Joshua Vazquez,alyssa68@gardner.com
Alexander Saunders,melissaduncan@hotmail.com
Christopher Johnston,clarkjill@yahoo.com
Natalie King,lbrown@hotmail.com
Anthony Rush,joshuataylor@yahoo.com
Matthew Lynch,lisamclaughlin@hurst.com
Christopher Horn,patrick94@griffin.com
Sandra Johnson,fburton@gmail.com
Connie Cohen,bsmith@thompson.net
Martin White,ifowler@gmail.com
Brandon Howell,michelle59@yahoo.com
Barbara Mitchell,mnelson@yahoo.com
Michael Murphy,ymorgan@krause.info
Kaitlin Rodriguez,garywatkins@castro-hill.com
Mrs. Brianna Key,valeriemiranda@yahoo.com
Joann Smith,tylerjordan@yahoo.com
Alicia Hughes,jacksonstephen@yahoo.com
Stephanie Schmidt,nmeyer@gmail.com
Christine Campbell,qrodriguez@hayes.info
Alicia Baker,tdonovan@marks-kennedy.com
Carlos Long,gdiaz@hotmail.com
Samantha Santos,thomasjohnson@austin-velez.com
Mark Wright,fthompson@estes.com
Kevin Barnett,anthony29@schmidt-wilson.com
Matthew Benson,mcmillanjeffery@mcfarland.com
Thomas Lutz,pamela99@gmail.com
Tonya Martinez,huertajoseph@gmail.com
Linda Velasquez,wrightglenda@morris-crosby.info
Joe Herrera,qbennett@yahoo.com
Michael Palmer,brendanwalker@hernandez-lamb.com
Anthony Howell,kathrynjohnson@gmail.com
Melissa Lane,ykramer@yahoo.com
Renee Mcintyre,yhoffman@briggs-miles.com
Laura Glass,christina05@gmail.com
Timothy Rice,barrrobert@gmail.com
Nathaniel Powell MD,williamssheri@gmail.com
Ms. Shannon Walsh,floreswayne@gmail.com
Diana Scott,annachavez@hotmail.com
Roy Murray,matthewgalvan@hotmail.com
Eric Rivers,qsanchez@yahoo.com
Austin King,qsimpson@mueller.com
Kathleen Blair,jonesgary@yahoo.com
Tyler Smith,jamesmyers@yahoo.com
Joseph Lopez,garciapatrick@thompson.com
Valerie Lewis,boothjanet@gmail.com
Erin Lindsey,joshua20@long.com
Kayla Sanders,huffmangeorge@gmail.com
Jose Shepard,mcleanruben@hotmail.com
Frank Garcia,jillrojas@castro-salinas.com
Jenny Mitchell,eric36@yahoo.com
John Bailey,gloria19@hotmail.com
Alexandria James,martinjohn@hotmail.com
Jeffrey Cooper,michaelpatton@yahoo.com
John Key,icastaneda@wade.com
Christian Nelson,steven91@carr.com
Amanda Dunn,uguzman@foley.org
Jeremy Short,yingram@hotmail.com
Michelle Walker,pamela45@gmail.com
Pamela Walters,christopher91@gmail.com
Ralph Jensen,dadams@yahoo.com
Devin Nelson,gramirez@yahoo.com
Natasha Mitchell,xholloway@walker.biz
Eduardo Holmes,zhopkins@moran.com
Gregory Morgan,flopez@smith-stewart.com
Elizabeth Roberts,millermichael@gmail.com
Nicholas Wilson,wguzman@gmail.com
Alexis Medina,cohenbarbara@cooper.com
Michael Guerrero,ralphday@esparza-washington.com
Rachael Weber,shawn67@gmail.com
Julie Simpson,margaret15@woods.com
Joseph Cardenas,fsmith@price.net
Crystal Wilson,stephen90@lee.biz
Juan Valencia,nicholasfreeman@barnes.org
Christian Walton,rmcmahon@yahoo.com
Christy Taylor,melissa43@gmail.com
Ruth Bates,alisonpeterson@gmail.com
Pamela Collins,ryanjohn@rose.com
Stephen Nixon,lisa65@landry.com
Tasha Chaney,chanson@gmail.com
Mr. James Gregory Jr.,shannon94@novak.info
Jeffrey Snow,taylor33@dickerson.com
Cassandra Barker,johnsonchristina@powers.com
Beverly Hamilton,padillajeff@gmail.com
Shannon Morales,avaughan@gmail.com
Benjamin Steele,michael16@hess.org
Michelle Ewing,ohebert@blair.biz
Samantha Beck,danielle18@gmail.com
Austin Hall,thomas11@faulkner.info
Anne Melton,smithjessica@hotmail.com
Juan Leonard,charles82@mcguire.com
David Long,liupeter@hotmail.com
Erica Lewis,dmurray@tran.com
Nicholas Ford,kimberlyvasquez@miller.com
Kelly Berry,ralph29@meyers-ward.com
Amanda Butler,lmarquez@gmail.com
Brittney Lee,joshua24@hotmail.com
Terry Rivas,kennethwilson@phillips-mitchell.com
Jacob Fischer,christopher46@davis.com
Eric Parks,greerstephen@yahoo.com
Joseph Ray,torrescarrie@davies.com
Shannon Hernandez,benjaminstewart@wilson.com
Mr. Jonathan Jackson,tpatterson@gmail.com
Sergio Kelly,amycallahan@morrison-dickerson.org
Amy Peterson,simmonsjasmine@hotmail.com
Donna Brock,william78@norris.biz
Crystal Lewis,smithrebecca@yahoo.com
Marcus Clay,kathy57@owens-bell.org
Stephanie Brown,meyerlisa@gutierrez.com
Jason Armstrong,mollyreid@reid.org
Amy Henderson,shawn65@hernandez.net
Amanda Cox,snowrebecca@morris.com
Philip Bray,desiree30@hotmail.com
Cheryl Jackson,smithnatalie@williams-wilkerson.com
Chris Bates,lynnthornton@gmail.com
Peter Moses,uschmitt@chambers.com
Sharon Willis,njackson@gmail.com
John Arias,robertsrussell@pham.info
Stephanie Ellis,shannonjohnson@gmail.com
Daniel Sullivan,fmathews@hotmail.com
Michael Medina,jack47@wilson.com
Daniel Lee,georgejulia@bates.net
Richard Vasquez,lauriewhite@wilson-murphy.com
Steven Jones,leemichael@gmail.com
Megan Rivas,eric99@torres.com
Scott Jones,bprice@beck.com
Amber Beck,derek79@smith.com
Allison Jackson,taylorstanley@lang-robinson.info
Carolyn Bennett,andrea25@hotmail.com
Michael Lewis,halekathryn@gmail.com
Mark Garrison,joseph51@kent.com
Carl Bauer,bgreen@yahoo.com
Connor Brown,vford@middleton-wilkinson.com
Frederick Diaz,ericahall@yahoo.com
Rachel Hall,pmurphy@carter-mayo.com
Samuel Harris,rollinsscott@hotmail.com
Kari Perry,bradleygay@bradshaw.net
Breanna Sexton,hernandezaustin@gomez-west.info
Jamie Bell,taylorcrystal@andrews.com
William Espinoza,michael61@nichols.com
Christopher Hall,tim71@gregory-hebert.org
Gary Love,christopherreid@conley.com
Ricky Stephenson,brandondavis@schmidt-acosta.net
Cole Mullins,jonathan86@barker.com
Amanda Parker,wutony@gmail.com
Jose Brown,nrobinson@nichols.com
Lori Davila,steventucker@hotmail.com
Paul Gray,jenniferjohnson@mcguire-miller.com
Michael Wilson,shelly70@parker.com
Willie Taylor,johnsonbrandon@yahoo.com
Thomas Miller,ryankelly@butler.com
Christopher Morse,antonio21@cole.com
Alexandra Walker,matthew54@schwartz-chase.com
Jacqueline Young,kristinblack@gmail.com
Michelle Smith,nicholasreed@yahoo.com
Amy Cox,nvazquez@yahoo.com
Timothy Phillips,tara54@gmail.com
Lisa Payne,sandralang@yahoo.com
Christopher Mendez,waltoncory@cummings.com
Brian Jennings,danielbecker@campbell.biz
Brittany Keller,nhill@yahoo.com
Christine Myers,thomasclay@williamson.com
Angela Boone,peter30@hotmail.com
Mr. Michael Snyder,escobarnicholas@allen-morris.net
Robert Wright,davisjohn@hotmail.com
Peter Hunt,evanrivera@yahoo.com
Jonathan Rogers,jessicamorrow@richardson.com
Ariel Griffin,carolyn27@hotmail.com
Mallory Mckee,james87@hotmail.com
Jennifer Jackson,itaylor@gmail.com
Robert Jones,xbrown@yahoo.com
Melissa Soto,kirbymanuel@fuentes.com
David Adams,andrew25@wilkinson-horn.net
Cassie Morgan,sandersbeverly@rodriguez-williamson.org
Donna Rodriguez,nicholas74@yahoo.com
Stacie Walters,bryantkaren@wong.biz
Logan Williams,larry60@yahoo.com
Joseph Daniels,martinmorgan@hotmail.com
Felicia Wilcox,nathaniel84@thomas-little.com
Joseph Hoffman,xlucero@yahoo.com
Terry Schroeder,gomezpatrick@taylor-davis.com
Thomas Marks,sarah61@wilson.com
Justin Hart,lindaanderson@yahoo.com
Jeremy Livingston,cmartin@hotmail.com
Dr. Ashley Perkins,udominguez@patterson.net
David Parks,montgomerytiffany@gmail.com
Scott Stone,phillipsjoseph@gmail.com
Marvin Garcia,gcole@robinson-martinez.com
Thomas Jacobson,leahallen@watts.com
Laura Rios,margaretkey@lopez.com
Vanessa Poole,mcguirejennifer@gmail.com
Lindsay Saunders,scott09@gmail.com
Kelsey Daniels,hannah25@hotmail.com
Melissa Hale,nacosta@johnson.info
Amanda Tran,ljacobs@mckee.com
Carol English,marie47@hotmail.com
Nathan Johnson,nicolewilson@hart.com
Seth Williams,donna71@gmail.com
Phillip Fisher,drobinson@hotmail.com
Mary Cunningham,thompsonlori@yahoo.com
Patrick Day,kimberlylee@gmail.com
Matthew Duffy,grant82@burns-taylor.biz
Robert Garner,hallalexis@hotmail.com
Erik Mcdaniel,ypatterson@hotmail.com
George Murphy,georgecampbell@yahoo.com
Samantha Ramsey,lindsaygould@gregory-dunn.com
Lance Hernandez,crystalrichardson@jensen.org
Jose Cox,nancywatkins@gmail.com
Michael Anderson,sgarrison@gmail.com
Jessica Smith,davidmccarthy@holland-ford.info
Jennifer Rice,susan59@yahoo.com
Edgar Jones,janicecompton@doyle.com
Matthew Sullivan,johnnywilson@gmail.com
Karen Moore,lisawolf@cruz.com
Maria Williamson,patrickjohnson@santos.com
Gregory Dixon,iproctor@taylor-jones.org
Daniel Rodgers,leecolin@martinez.biz
Gregory Mayer,michelesutton@hotmail.com
William Sanchez,jeremy35@gmail.com
Lauren Gill,christinasosa@yahoo.com
Stacey Haas,franklindavid@hotmail.com
Jason Nelson,sle@mcdonald.net
Mary Buck,joelrivers@gmail.com
Scott Wood,vincentbrown@yahoo.com
Richard Dunn,kerralexandria@walker.com
Charles Smith,tgarcia@hotmail.com
Donald Stein,littlegeorge@hotmail.com
Cesar Richards,michaelernest@hotmail.com
Bradley Foster,boydcindy@gmail.com
Mary Dougherty,ypearson@jackson-johnson.com
Jay Galvan,lanemichael@hotmail.com
Andrew Aguilar,mary91@gmail.com
Mark Hawkins,jaysherman@hotmail.com
Bobby Reeves,patelrebecca@hughes.com
Paula Pierce,hsilva@hotmail.com
Brenda Hurst,ecarrillo@hotmail.com
Philip Garcia,bjohnson@jennings.com
Adam Robertson,zmiller@yahoo.com
Destiny Kennedy,dmyers@maxwell-diaz.com
Christopher Scott,castillochristopher@glover.com
Austin Clark PhD,fbryant@gmail.com
Stephen Murphy,fieldseric@gmail.com
Sandra Hernandez,richard17@larson.com
Amanda Turner,michaelbates@gmail.com
Timothy Blackwell,mark29@yahoo.com
Christopher Dominguez,tatekevin@curtis-hart.net
Johnny Robinson,joanne73@richardson.com
Mrs. Veronica Leon,yhill@hotmail.com
Samantha Soto,nicholas91@price-harris.net
Brenda Wallace,ellenhill@brown-turner.com
Kristin Collins,scottshannon@hotmail.com
Peter Colon,wrogers@atkinson.info
Johnathan Salas,mathewlewis@wood.com
Jeff Frederick,geraldwoods@gmail.com
Megan Quinn,lori26@yahoo.com
Daniel Reyes,wpeterson@yahoo.com
Monica Lopez,perrydaniel@rivera.com
Brian Martinez,glenntheresa@solis.net
James Sullivan,nguyencatherine@wright.com
Gary Cooper,mary89@dawson.com
Adam Heath,tyler05@hotmail.com
David Brady,xdavis@duran.com
Christopher Graham,robertnixon@palmer-anderson.com
Amber Ramirez,johnsonsean@yahoo.com
Grant Davis,brianknight@miller.com
Anthony Ryan,ybenitez@white-nelson.com
Jeffrey Riley,denisejoyce@donovan.com
Alyssa Jenkins,usmith@scott.com
Shannon Sandoval,kennethrivers@robles.info
Jamie Spencer,vmoore@henry-lambert.com
Dr. Justin Brown,watsoncarrie@cox.com
Megan Medina,jeffrey80@kelly.com
Ashley Levy,connorcortez@hotmail.com
Linda Mack,mark49@hotmail.com
Nathan Webb,fryan@yahoo.com
Cheryl Reynolds,rkramer@hotmail.com
Anita Hancock,ryoung@hotmail.com
Lisa Thompson,nicole32@yahoo.com
Kayla Peters,zmartin@hotmail.com
Susan Schultz,emilynichols@hotmail.com
Monica Garcia,davisjoy@yahoo.com
Joseph Sanchez,birdlatoya@gmail.com
Christina Anderson,zfranco@gmail.com
Gwendolyn Snyder,jacobwilliams@mcdonald.biz
Olivia Wiggins,andrewsrhonda@lin.com
Joshua Mathis,millerpatrick@hebert.com
Juan Smith,pmichael@mays-woodard.com
Darrell Ferrell,caitlingutierrez@hotmail.com
Patricia Gomez,james09@garcia.org
Sharon Martin,sanchezkim@glover.com
Taylor Hinton,mbowman@hotmail.com
Tara Chavez,melissa65@thomas-hansen.com
Anita Bryan,jeffery75@hotmail.com
George Hanson,jessicajohnson@summers.info
Antonio Lee,kyledavis@hotmail.com
Justin Richard,jose51@davidson.org
Destiny Patrick,patricialynn@herrera-casey.com
Mark Farmer,coffeybrandon@yahoo.com
Laura Brown,halemegan@hebert-thompson.com
Lauren Hanson,juliehunter@yahoo.com
Kathleen Kim,nealjoseph@green.com
Gregory Allison,stacy50@hotmail.com
Emily Wood,amandagarcia@adams-chung.info
Scott Sheppard,twelch@robinson-patel.biz
Rhonda Davies,smalljames@barnes.com
Caleb Rojas,stacey91@gmail.com
Jerry Jackson,ganderson@hotmail.com
Patrick Ferguson,nphillips@gmail.com
Joseph Thompson,phaney@miller.biz
John Schneider,thomasmichael@proctor.com
Lindsey Silva,thomasdaniel@sanchez-bennett.com
Mrs. Kristi Brown,hcastro@miller.net
Alexander Chapman,xlewis@ward.com
David Medina,bryanscott@schmidt.info
Kimberly Watkins,derek35@wells-hansen.org
Charles Andersen,jasminepena@gibson.com
Michelle Barker,johnwilliams@gmail.com
Melissa Williams,serranogarrett@hotmail.com
Nathan Baird,garysullivan@yahoo.com
Amanda Gray,zburns@lopez.net
Caroline King,richardallen@hotmail.com
Michael Schroeder,aflowers@conrad-bates.com
Ronald Irwin,stanleyjames@gonzales.com
April Oliver,blevinsian@hotmail.com
Deanna Harper,hollycherry@hotmail.com
Stephen Newman,youngkarla@gmail.com
Emily Rodgers,lauriecooper@hood-meyer.org
Kathy Jones,christianbonilla@ross.com
Sean Schultz,penatiffany@baker.com
Victor King,dporter@martinez.com
Lisa Rodriguez,rlong@patterson.com
Christopher Beasley,william34@yahoo.com
Isabella Jones,matthew62@gmail.com
Robert Atkinson,erichawkins@gomez.com
Barbara Fields,martinjohn@yahoo.com
Jacob Padilla,mmayo@gmail.com
Perry Lopez,catherinewatson@jensen.com
Betty Pierce,nelsonjames@smith.net
Mr. Ryan Martinez MD,wongangela@yahoo.com
Andrew Cobb,tranmelinda@gmail.com
Patricia Gentry,drichardson@smith-johnson.com
Heather Rodriguez,josephcampos@yahoo.com
Andrew Reese,qblankenship@johns.com
Tiffany Roth,timothy72@miles.com
Debra Anderson,davidryan@gmail.com
Traci Matthews,lynnjoel@craig.org
Earl Leonard,dshannon@summers.info
Austin Taylor,nmichael@sherman.info
Melissa Alexander,hallen@hotmail.com
Cheryl Watkins,jonesmichael@hotmail.com
Andrea Jones,shaas@yahoo.com
Jacob Taylor,callahankathleen@gmail.com
Curtis Ramirez,todd95@martin.biz
Connie Robinson,hwilliams@yahoo.com
John Brooks,adriennedavis@yahoo.com
Brian Townsend,odunlap@morgan.com
Craig Miller,kellymarshall@jones.com
Michael Thornton,pwright@yahoo.com
Kevin Ward DVM,albertcollins@yahoo.com
Crystal Lopez,paigecarpenter@miller-rogers.com
Bryan Roberts,jennabauer@davis-roach.info
Joel Jones,lucasrose@deleon-gill.info
Deborah Hanson,garciaamy@jackson-townsend.com
Heather Smith,lisa06@richardson.com
Tricia Nash,kevin11@ramos.biz
Andrea Cooper,johnroberts@walton-ramirez.com
Brandy Diaz,charles35@yahoo.com
Troy Curry,hwatkins@yahoo.com
Christine Rice,floresbradley@yahoo.com
Jodi Haynes,cherylholland@hotmail.com
Kimberly Lee,rperez@hotmail.com
Cathy Harris,isaac93@taylor.com
George Gonzalez,marythomas@gmail.com
Kelly Gates,nharris@hotmail.com
Carrie Hurley,stoutsarah@yahoo.com
James Tapia,larsonnicholas@hotmail.com
Eric Campbell,ztaylor@gmail.com
Kevin Brooks,michaelturner@williams.biz
Daniel Bishop DDS,cmathis@yahoo.com
Brittany Cannon,gregorylisa@hotmail.com
Hunter Rogers,nicolewise@reed-matthews.info
Rebecca Oneill,cfoster@hotmail.com
Julie Welch,elizabeth79@yahoo.com
Rebecca Lopez,julie09@hotmail.com
Sarah Allen,kevindixon@yahoo.com
Robert Brown,wardian@parker.info
Alexander Snyder,kdennis@yahoo.com
Megan Martinez,stephanie80@hotmail.com
Jeff Bowen,lmoran@barber.com
Emily Ballard,samuelaustin@stevenson.com
Jennifer Bell,johnathanhurley@hotmail.com
Gregory Reeves,martinezjennifer@hotmail.com
Mary Porter,charlesclark@yahoo.com
Christine Avery,andrew62@roberts.net
Jodi Williams,ucook@barnes-michael.com
Robert Mcmillan,barbernicole@yahoo.com
Anna White,arnoldkenneth@james-flowers.biz
Melissa Dominguez,andersonashley@martin.biz
Joseph Mullins DDS,james82@lee.net
Mr. James Reed PhD,brandon39@yahoo.com
Jason Campbell,wardjoanne@hotmail.com
Michael Zamora,gsanchez@gmail.com
Colin Hansen,teresa41@yahoo.com
Jennifer Brown,rellis@webb.info
Karen Lopez,sclark@miller-gentry.com
Erin Lopez,rachaelwilliamson@hotmail.com
Daniel Powell,debramcguire@gmail.com
Stephen Barrett,jonathan30@conner.net
Heather Morales,taylorjennifer@gmail.com
Nancy Williams,piercebrandon@gmail.com
Keith Edwards,qsullivan@hotmail.com
Samuel Pratt,kevin61@matthews.com
Denise White,schroederjeanne@gmail.com
Jesus Knight,williamsjeffrey@cole-foster.com
Jerry Garcia,christopher16@erickson-diaz.com
William Kidd,amiller@hotmail.com
Suzanne Hernandez,cjuarez@bates.com
Paul Castillo,stephen58@gmail.com
Charles Alvarado,robertyoung@gmail.com
John Terrell,daniel18@hotmail.com
Patrick Hall,greenrodney@green.info
Stephanie Roy,lopezjacob@yahoo.com
Heidi Greene,megan64@gmail.com
Daniel Pearson,zimmermandustin@yahoo.com
Brittany Ramirez,baileycarrie@gmail.com
John Reed,ryansosa@thompson.com
Lisa Grant,lopezcheryl@gmail.com
Christina Case,adrian02@yahoo.com
Paul Wood,lauriedavis@yahoo.com
Cheryl Cochran,kristen82@gonzalez.com
Travis Gray,donnamoore@floyd.com
Ashley Bender,slyons@anderson-davis.com
Tony Miller,cameron44@smith.com
Johnathan Cooper,vgreen@yahoo.com
Laura Stevens,lpeterson@sheppard.com
Justin Herrera,brendaglass@gonzalez.com
Nicole Nolan,lvillarreal@dixon.com
Crystal Logan,xclark@pace.com
Lisa Olsen,tarcher@gmail.com
Christopher Bridges,sharonwilliams@yahoo.com
Alexander Bennett,flemingjeremy@gmail.com
Pamela Sanchez,jessica75@gmail.com
Jeffrey Williams,catherine04@yahoo.com
Julie Guerra,sandra98@martinez-gutierrez.biz
Shawn Flores,cheryl78@li.info
Michelle Colon,walter38@gmail.com
Sean Strickland,omitchell@hotmail.com
Shannon Gonzales,trujillomichael@yahoo.com
Kevin Short,dwood@horton-martinez.com
Stanley Fuller,joannagarcia@hotmail.com
Elizabeth Reese,nrodriguez@yahoo.com
Anna Brooks,dcampos@long.org
Angelica Wilson,crystal98@manning.org
Jeffery Johnson,henry35@thomas.com
Alex Anderson,pittmankaylee@yahoo.com
Dr. Karen Hancock MD,mark75@rogers-carter.com
Christopher Howard,wsnyder@moore-esparza.com
Sarah Sanchez,williammcneil@gmail.com
Elizabeth Cole,michael87@lee-cooper.com
John Bradley,johnsoncharles@green.com
Amy Watkins,bradley18@hotmail.com
Julie Moss,cynthia74@flores.org
Nicole Jones,kevinspears@hunt.net
Thomas Perry,masseybrittany@hotmail.com
Jeremy Hill,pjohnson@bender-burns.com
Matthew Watkins,sruiz@novak-rosales.com
Paula Morgan,williamsonpatricia@george-bishop.com
Stephen Bowers,obrown@gmail.com
Teresa Edwards,whicks@romero.com
Scott Hendrix,alexandra69@yahoo.com
Sara Robertson,jonbrennan@crawford-mitchell.org
Olivia Miller,hamiltonbenjamin@hotmail.com
Matthew Thornton,solomoncheryl@mcdonald.com
Mary Evans,ashleedaniels@gmail.com
Deanna Cook,anthony96@hotmail.com
Tracey Brown,vedwards@hotmail.com
Kimberly Rojas,kimberlyquinn@gmail.com
Katie Patterson,janicerivas@guzman.net
Cathy Williams,qjohnson@yahoo.com
Christopher Hill,gibsonamy@gmail.com
Ronald Ramirez,rebecca54@flores.info
Meagan Miranda,frederickcrystal@gmail.com
Gregory Miller,joseph83@gmail.com
Courtney Hart,shelia29@lopez.biz
Heather Bates,johnspaul@gmail.com
Kevin Butler,cummingstyler@gonzalez.com
Cynthia Rodriguez,shannon10@yates-berry.com
Robert Simmons,dennisgamble@hotmail.com
Joshua Walton,katie44@thompson-davis.com
Alexis Jackson,christopher87@miranda-guerrero.net
Joanna Sheppard,elizabeth17@hotmail.com
Terry Wang,lori28@hotmail.com
Jonathan Griffin,danielgarrison@hotmail.com
Todd Jefferson,freemanmarcus@yahoo.com
Wayne Short,rperez@gmail.com
Mrs. Jennifer Wade,porterkenneth@crawford.org
Elizabeth Rodriguez,emilyburgess@sloan-savage.com
Ryan Thompson,andersonalicia@hotmail.com
Mrs. Christy Stephenson,victoria23@jones.com
Rhonda Hamilton,victoria52@bridges-ford.org
Matthew Leach,kennethmccarty@yahoo.com
Ernest Vance,ashleywyatt@johnson.com
Sarah Flores,soniahanson@parker.net
Robert Thompson,swalker@rich.com
Deborah Henry,gavinbriggs@wolfe.biz
Daniel Campbell,mwillis@stewart-lee.com
Mr. John Davis,jonesstephanie@mueller.com
Brandon Foster,greenemily@yahoo.com
Lindsey Allen,matthew99@sanchez.net
Randy King,jessicarussell@gmail.com
Anthony Wilson,brandon38@hotmail.com
Jasmin Jones,sylviamathis@hooper-morris.com
Nicholas Warren,mary46@yahoo.com
Frances Dixon,miguel14@fitzpatrick-smith.org
Veronica Jones,eric13@house.com
Dennis Burgess,seankaiser@hotmail.com
Margaret Dawson,ginasimmons@yahoo.com
Nicholas Villanueva,druiz@parker.com
Tiffany Hicks,sbender@winters.com
Kristin Gill,urobinson@ryan-williams.info
Kelly Smith,amandarodriguez@cole.info
Robert Nguyen,angelagonzales@sparks.org
James Howard,omcdonald@king-miller.com
Erin Duncan,thomasholmes@nolan.com
Cassidy Brown,gregoryhernandez@hotmail.com
Jason Aguilar,martinezstacy@webster.com
Heather Thomas,panderson@gmail.com
Eric Tucker,bsmith@yahoo.com
Rachel Potter,antoniothomas@gmail.com
Brenda Evans,bautistatyler@meza.com
Ronald Kelly,shawsamantha@gmail.com
Jennifer Burke,mike38@kirk.org
Michelle Ward,hannah83@campbell-conley.com
Cheyenne Phillips,fharrison@sanchez-williams.com
Melanie Moran,christina30@ross.com
Amanda Allen,fred06@hotmail.com
Michele Hamilton,pbrooks@gmail.com
Jeffrey Young,davidrogers@yahoo.com
Laurie Gillespie,ronnie95@gmail.com
Morgan Glover,marymyers@lam.com
Kevin Schmidt,staceywade@pope.com
Gregg Holden,perkinschase@yahoo.com
Regina Hernandez,jamesphillips@hotmail.com
Katie Lindsey,carrjesus@gmail.com
Andrew Bradley,uclark@yahoo.com
Michael Smith,kyleclark@mayer.info
Tina Thompson,ynelson@hotmail.com
Michelle Kelly,debradavis@schwartz-young.net
Michael Martin,rosevincent@gmail.com
David Page,adkinstheresa@hotmail.com
James Wright,ndavis@gmail.com
John Davis,mendezcharles@gmail.com
Nathan Walsh,awoodard@mcconnell-morris.com
Jessica Vega,anthonywells@hotmail.com
Cindy Morris,annelong@rich.info
Mr. William Johnson,perezderek@hendricks.com
Nicholas Mueller,melissa73@gmail.com
Phillip Yang,fieldsjulia@hotmail.com
Steven Clark,maryflowers@martinez.info
Jennifer Krueger,joshua62@yahoo.com
Lisa Cline,tyler28@hotmail.com
Theresa Lewis,richardsondakota@yahoo.com
Connie Lopez,alexanderdonald@hotmail.com
Stephen Kramer,dthompson@brown-gregory.net
Valerie Santana,smason@gutierrez.info
Michael Kennedy,dwalker@perry-ruiz.com
Ricky Miller,mcdonaldjustin@macias.net
Jamie Ward,creynolds@hotmail.com
Sarah Baxter,lopezthomas@reeves.com
Wanda Woods,ccarlson@white.net
Cassandra Johnson,stricklandleslie@mueller-harris.com
James Berry,tcollins@robinson.com
Kelsey Khan,harrisrobin@yahoo.com
Charles David,kimberlyzavala@blevins-lewis.info
Rebekah Nelson,nlucas@gallagher-stephenson.biz
Nathaniel Long,cummingsbrooke@hotmail.com
Charles Baker,lawrencechristina@hotmail.com
Matthew James,alove@hotmail.com
Crystal Perkins,samuelosborne@harper.com
Karen Washington,wrightsharon@myers-mathews.com
Steven Rivera,whitneyhernandez@griffin.com
Steve Wells,kerrrebecca@ortiz-collins.com
Vanessa Green MD,mayerjacqueline@schmidt-payne.com
Kimberly Aguirre,kwong@gmail.com
Jennifer Moore,bjimenez@baldwin-chen.org
Dustin Roth,ddixon@gmail.com
Bailey Hayes,tiffanynorton@forbes.com
Maria Carrillo,johnsonmichael@williams.net
Christopher Russell,dunnamanda@gmail.com
Tiffany Perkins,brettsmith@brown.com
Victor Malone,patriciathomas@yahoo.com
Leslie Hernandez,jjohnson@marsh.com
Beth Moreno,isaac02@green-rogers.com
Kayla Collins,bryanlozano@nelson.com
Daniel Fields,ntaylor@perez.com
Matthew Estrada DDS,fbray@gmail.com
Mr. Samuel Luna Jr.,martha00@stark-warner.com
Frank Randall,cduncan@hartman.info
Shirley Morse,rayisaiah@gmail.com
Amy Baker,vhorn@henderson-merritt.com
Robert Whitney,lindsaygarcia@gmail.com
Patricia Robinson,bosborn@mcbride.net
Charles Olson,virginiamay@yahoo.com
Michelle Neal,peter52@moss.org
Rebecca Keller,james51@christensen.biz
Sierra Mckinney,christophermyers@yahoo.com
Hailey Sherman,monica22@hamilton-williams.org
Megan Martinez,thomaswhite@allen.org
Mackenzie Torres,duncanerin@jackson.biz
Ralph Brown,stephanie10@yahoo.com
Morgan Ramos,judymason@gmail.com
Rebekah Austin,nathanknight@gmail.com
Amanda Myers,lynn16@yahoo.com
Joel Floyd,schneidermaria@velez.info
Tina Meza,bowenmary@hotmail.com
Cynthia White,baileymark@hernandez.com
Walter Simpson,robertfreeman@hotmail.com
Christina Spence,beverlyrose@hotmail.com
Samantha Hammond,tnoble@hotmail.com
Cathy Harris,crystal28@henry.com
Nathan Austin,meagan18@sweeney-abbott.com
Dillon Mayo,xcortez@lozano-montgomery.com
Tiffany Johnson,inguyen@adams-gordon.com
Michael Brady,richardbryan@torres.com
Robin Taylor,camposbeth@mckenzie-king.biz
Sandra Sharp,westjoshua@hotmail.com
Kristen Blevins,tammy07@foley.com
Hannah Rodriguez,brandonmcguire@sanford-sullivan.net
Tracy Mckinney,lisa96@small-allison.com
Tom Ford,darrell11@keller.com
Alicia Smith,weaverjohn@ortega.com
Scott Robinson,david76@thomas-walker.org
Charlene Walters,gina87@gmail.com
Randy Garcia,ronald55@gmail.com
Kimberly Zamora,gonzaleznicholas@chavez-huber.com
Joseph Brown,gordonkara@gmail.com
Kyle Juarez,solomontimothy@johnson.com
Kevin Porter,xjohnson@hotmail.com
Cassandra Howe,jonathankelly@lopez.com
Mary Burton,schaefermario@gmail.com
Lisa Moore,cbrock@hotmail.com
Jeremiah Mills,wlambert@gmail.com
Christopher Franklin,antonio03@hotmail.com
Diane Miller,rebecca50@underwood.com
Richard Kemp,williamsonrobert@taylor.org
Roberto Floyd,wharrington@li-thompson.net
Eric Torres,brittneychen@gmail.com
Antonio Whitaker,gonzalezrobert@butler.com
Jonathan Boyd,sharonblake@yahoo.com
Krista Smith,danielcampbell@palmer.net
Marilyn Marks,laurenmiller@rogers-moore.biz
Justin Serrano,bennettlinda@walker.com
Cynthia Murray,scarter@yahoo.com
Miguel Wright,dunnariel@savage.biz
Cheyenne Manning,hamiltonchristine@roberts.com
Victoria Malone,timothyandrade@cline-maynard.com
Jamie Soto,ecisneros@hotmail.com
Sherry Mckenzie,thomasedwards@gmail.com
Amanda Rogers,thompsonbryan@gmail.com
Darlene Thomas,watsonshawn@white.net
Ann Clark,dawnrodriguez@gmail.com
Margaret Stanley,cookebrad@yahoo.com
Anthony Mcgee,gonzalezjulie@lopez-gonzalez.biz
Brittany Moore,debra23@smith-barajas.com
Susan Dudley,coliver@jackson-knox.com
Luis West,charleswhite@rodriguez-whitney.biz
David Logan,jason08@hotmail.com
Jason Acosta,roy54@ramos.com
Angela Lopez,jackstrong@taylor.com
Connie Ferguson,clarkolivia@gmail.com
Michael Grant,pfoley@yahoo.com
Mary Carr,voconnell@roach.com
Sarah Smith,jennifer93@austin.com
Mark Avery,fullerashley@villegas.net
Jessica Allen,racheltran@gmail.com
Heather Mitchell,taradyer@pittman-anderson.net
Mrs. Jacqueline Cunningham,kowens@yahoo.com
Mark Little,joe63@jones-smith.com
Jessica Smith,keithjohnson@thompson-coleman.com
Elaine Anderson,yhayes@gmail.com
Shawn Kelley,orodriguez@thomas.com
Elizabeth Nelson,heather11@marshall.com
Cynthia Stewart,hector13@gmail.com
Samuel Jackson,acostabrian@weaver.info
David Chaney,syoung@nguyen.com
Jacob Smith,woodregina@white-gordon.info
Daniel Guerrero,imitchell@day-carter.com
Kathryn Carrillo,carolynmoreno@yahoo.com
Earl Pearson,powerscarrie@cruz.com
Douglas Sharp,imelendez@vaughn.com
Sharon Hammond,williammerritt@williams.info
Lauren Jenkins,williamsvincent@yahoo.com
Angela Smith MD,jacob57@wolf-martin.biz
Craig Good,wchen@robinson.com
Lori Lam MD,dallen@ray.com
James Mitchell,tamara36@jenkins.com
Nicole Nelson,kelly46@richardson-wood.com
Juan Swanson MD,marcia44@yahoo.com
Natasha Johnson,rfields@smith.biz
Karen Martin,allen43@swanson.net
Donna Villa,elizabeth68@hotmail.com
Michael Barton,cbutler@edwards.net
Jacob Williamson,rodriguezjoshua@adkins.com
Thomas Brown,andrew81@phillips.com
Tamara Copeland,vasquezdavid@gmail.com
Kelly Dickerson,johnsongregory@perez.biz
Stephen Ross,david33@hotmail.com
John Johnson,qnelson@gibson-scott.org
Jacqueline Massey,hayneserika@hotmail.com
Alec Lewis,ronald97@yahoo.com
Amber Gibson,nancy14@hotmail.com
Eric Ibarra,wilcoxsarah@yahoo.com
Tammy Ellis,jill01@west.org
Kathryn Davis,jacqueline43@moore.info
Cathy Vargas,charles46@gmail.com
Cassandra Donovan,brucewalter@wilcox.info
Anthony Nelson,jennifercochran@yahoo.com
Jenna Thomas,dperry@yahoo.com
April Thomas,alvaradodebra@rogers.biz
Daniel Miller,ikelly@brown-waller.com
Michelle Brown,jasmine02@gmail.com
Renee Smith,fmeyer@yahoo.com
Hunter Nichols,umontgomery@gmail.com
Scott Blackburn,rogersummers@yahoo.com
Keith Roberts,gregoryfletcher@gmail.com
Jason Harper,rbaker@higgins.org
Derek Cooper,catherine74@gmail.com
Brian Ho,adrianjones@wallace-hatfield.com
Lisa Rivas,potterkaitlin@lopez.com
Maria Patterson,waltonmatthew@gmail.com
Kimberly Jimenez,jenniferthomas@aguilar.biz
Christopher Robertson,angelicacarrillo@gmail.com
Casey Holland,jason03@haas.org
Terri Griffin,alexis70@hotmail.com
Crystal Pruitt,keith64@ponce.com
Danielle Garcia,debbie94@yahoo.com
Dennis Hamilton,rileyzachary@gmail.com
Nicole Owen,latashalee@alvarez.com
Samantha Bailey,yellison@gmail.com
Julie Hill,barreraelizabeth@hall.org
Matthew Collins,brenda45@gmail.com
Stacey Russell,jamesgibson@rivera.com
Tara Murray,bryan55@gmail.com
Teresa Hernandez,alecgarcia@yahoo.com
Victor Harris,jill66@hotmail.com
Ryan Ray,hdiaz@yahoo.com
Dawn Guerrero,bethany84@gmail.com
Scott Dawson,ythomas@myers.com
William Mosley,sarah91@roberts.com
Nathan Chavez,julia21@deleon.net
Marilyn Stafford,fallen@mccall.com
April Schwartz,nathanrogers@gmail.com
Norma Scott,coreyhill@yahoo.com
Christine Wilkinson,juan07@cox.net
Nicole Wright,ehernandez@gallegos.com
Kelly David,christinajackson@hotmail.com
Cindy Lopez,michaelward@jackson.com
Andrew Taylor,donaldmathews@yahoo.com
Mary Johnson,rosspeggy@gmail.com
Martha Nielsen,jacobrocha@thomas-cunningham.com
Charles Graham,atkinsanthony@washington.info
Andrew Hall,rachelclark@hotmail.com
Samantha Osborn,david83@gmail.com
Deborah Norman,jamie41@yahoo.com
Victoria Marquez,ralph12@gardner.biz
James Klein,lindsey99@harris-swanson.net
Meghan Morales,reynoldsanthony@greer.com
Denise Thompson,brookslauren@hanna-wilkins.com
Selena Rose DVM,ttorres@cook.org
Ricky Herman,leblanckeith@yahoo.com
Derek Ryan,rjohnson@gonzalez.info
Hailey Foley,joseph75@hotmail.com
Adam Reed,wgoodwin@luna.com
Beverly Marquez,holly01@yahoo.com
Beth Robinson DVM,jennifer95@clark.com
Shelley Murillo,alimichael@ruiz-garcia.com
Jacob Clark,david17@hotmail.com
Eddie Burgess Jr.,ashley86@gmail.com
Tamara Martin,sdillon@hotmail.com
Michele Floyd,ramosmelissa@yahoo.com
Stephen Neal,nhernandez@hotmail.com
Mark Miller,katherinelevine@burton.com
Hannah Nelson,ethankim@bishop.info
Allen Garcia,fisherchristina@baker-graham.info
Roger Morrison,rgarrison@hotmail.com
Michelle George,johncalderon@wilson.info
Peter Johnson,melissarogers@yahoo.com
Rebecca Schaefer,noah69@ingram-chan.com
Tyler Hill,coreymoore@hotmail.com
Joel Mcbride,sanchezamanda@yahoo.com
Joseph Mercer,blowe@hotmail.com
Kelli Beasley,ljensen@clayton.com
Joel Harper,cynthia82@johnson.com
Thomas Carrillo,jonesthomas@kennedy.com
Paula Moyer,iortega@carson-glenn.com
Beth Martinez,penny53@yahoo.com
Richard Ross,brian22@walters.com
Angela Rodriguez,nicholsbrian@lewis-serrano.biz
Christy Anderson,eatonanna@yahoo.com
William Rogers,amber14@allison.info
Jade Hickman,bowersjulie@hotmail.com
Jesse Gonzales,mariarobles@mullins-anderson.biz
Peggy Hale,todd69@gmail.com
Carrie Herrera,april86@hotmail.com
James Rose,bhaney@nelson.net
Tristan Pearson,nduarte@grant.com
Jerry Lopez,barnettdenise@gibson-wagner.com
William Smith,joseph71@hotmail.com
Jacob Walsh,jbrown@williams.net
Nicole Bowman,nharris@yahoo.com
Kathryn Nixon,lori55@bowen.com
Jennifer Mcdowell,barnesmaria@lowery.com
Brenda Gonzalez,joanmayo@campbell-castaneda.com
Ms. Lynn Crawford,pburke@yahoo.com
Zachary Wilson,daniel69@gmail.com
Trevor Johnson,brendaclark@holmes-wells.com
Kurt Savage,cherylhurley@hotmail.com
Matthew Lopez,howardamanda@johnson-ross.com
Shelly Cooper PhD,coxnathan@gonzalez.com
Andrea Johnson,michael05@kemp.net
Jason Alvarez,ruizvickie@hotmail.com
Zoe Jackson,twalker@hotmail.com
Kathleen Olsen,millerkevin@hotmail.com
Michael Smith,stephanie67@yahoo.com
Angela Price,gabriela09@palmer.com
Emily Ross,sullivanjennifer@burch.org
Roberta Smith,georgebeasley@walker-diaz.com
Suzanne Schmidt,hortondaniel@gmail.com
Joseph Benson,dmitchell@yahoo.com
Samantha White,garciatheresa@gmail.com
Nicole Ewing,angelicagreen@smith.biz
Robert Dalton,christinasmith@barnes.com
Deanna Sosa,stevenmorales@hotmail.com
Lisa Rivera,vreed@adams.com
Vanessa Cruz,ffranklin@ramirez-mack.com
Alan Cameron,osmith@hanson.com
Eileen Long,rsmith@yahoo.com
Robert White,lauren77@little-love.info
Carolyn Aguilar,pricekatherine@yahoo.com
Cory Barber,melissa24@anderson.com
Stephen Wilson,jenkinsmonique@yahoo.com
Angela Duran,franklinamy@yahoo.com
Amy Weber,alexandriajames@boyd.com
Jocelyn Flowers,rallen@brown-rodriguez.com
Christine Nichols,madison25@gmail.com
Nathaniel Williamson,yknight@lynn-baker.com
Monica Trevino,zharvey@watkins-fischer.com
Jay Sullivan,jeremy00@hotmail.com
Gregory Hansen,fholt@gmail.com
Emily Newton,qgriffin@gmail.com
Kevin Burns,jack35@bowman.com
Zachary Hernandez,wjones@hotmail.com
Julia Smith,jennifer77@gmail.com
Christopher Munoz,kristyrodriguez@gates.biz
Michelle Rodriguez,bradykatie@yahoo.com
Kerri Martin,angeljimenez@hall.org
Dr. Stacy Alvarez,kimberlylynch@hicks.com
Kathleen Ballard MD,vcalderon@gmail.com
Calvin Carlson,llamb@gmail.com
Madison Rodriguez,stephanie80@knapp.com
Cody Carroll,chandlerjoshua@gmail.com
Jennifer Black,cruzsarah@hotmail.com
Kenneth Camacho,nsingh@gmail.com
Thomas Collins,gsmith@velez-hunter.com
Carol Freeman,ywoods@shepard-jones.com
Caleb Roach,dsalinas@yahoo.com
Connie Dorsey,richardwarren@gmail.com
Isaac Murphy,holly99@cox.info
Jacob Dean,rodriguezbradley@russo.com
Kathleen Gross MD,ashley70@hotmail.com
Mandy Cantu,hansonjennifer@james-smith.net
Crystal Martin,catherinelopez@gmail.com
Patricia Wright,kbyrd@yahoo.com
Charlene Wade,heatherkennedy@yahoo.com
Jacob Flores,michaelmccoy@hotmail.com
Victoria Owen,ericanelson@yahoo.com
Robert Schultz,eric09@carroll.net
Natalie Keith,ldavis@gmail.com
Edward Henderson,michael04@ward.org
Sheila Smith,james40@craig.com
Angel Anderson,vjefferson@hampton.org
Robert Taylor,dicksondawn@wright-sexton.info
Anna Lambert,lwilson@hotmail.com
Casey Hughes,harrisseth@yahoo.com
Nancy Cooper,luislittle@mason.org
Michael Ellis,brandonford@gmail.com
James Cervantes,tiffany84@garcia.net
Victoria Price,paularamirez@hotmail.com
Kevin Smith,thompsonmark@bryan.com
Stephanie Soto,stewartdaniel@hall.com
Jonathan Scott,kaitlyn37@scott.info
Dr. Kathleen Alvarez,kenneth13@nicholson.com
Carl Manning,jeffreyanderson@harper.com
Phillip Rhodes,joanne16@king-martin.com
Andrew Russell,martinchristopher@yahoo.com
Kimberly Luna,deleonlisa@yahoo.com
Beverly Warren,hartbethany@hotmail.com
John Osborne,plarson@gmail.com
Steven Holmes,lgomez@mendez.net
Emma Leach,rjohns@fisher.org
Monica Potter,arnoldkaren@brewer.biz
Amber Dunn,brentlopez@davis-russell.com
Richard Villegas,mgonzalez@yahoo.com
Laura Shannon,pstevens@gmail.com
Erik Preston,jacob48@smith-taylor.com
Denise Jones DVM,anthony25@taylor-nelson.com
Brenda Hoffman,vcox@wiley-davis.org
Robert Johnson,chad92@russell.net
Timothy Brown,smoore@brown-smith.com
Monica Davis,lisa76@hotmail.com
Anthony Yang,shannon64@hotmail.com
Charles Valdez,angelfrancis@gmail.com
Nathaniel Taylor,nlopez@yahoo.com
Eddie Pittman,pramirez@ward-khan.org
Shelby Miller,englishalejandro@gmail.com
Curtis Berger,william81@yahoo.com
Kathleen Osborne,orocha@gmail.com
William Jones,kingangela@hotmail.com
Daniel Larson,timothy81@simon.com
Gregory Smith,patrick43@hotmail.com
Jennifer Ward,blackcolleen@douglas.com
Crystal May,joseph74@hotmail.com
Jason Nelson,william57@yahoo.com
Richard Noble,andrew72@leon.com
Mark Nichols,maria36@simpson.info
Tamara Anderson,nicolecampbell@hunter.net
Nicole Bradshaw,xandrews@hotmail.com
Lisa Koch,leeharrison@hotmail.com
Vincent Winters,blakemiller@hotmail.com
Jennifer Chan,michaelmullen@hotmail.com
Diane Fritz,lbrown@gmail.com
Sheila Navarro,melindabeck@yahoo.com
Patricia Thomas,ashleymartinez@winters.org
Lance Pearson,ricky40@bradford-kim.biz
Richard Harris,patriciajohnston@yahoo.com
David Murphy,zluna@bradley-dixon.com
Allison Stokes,lindsey76@gmail.com
Stacey Coleman,cevans@benitez-hensley.com
Jack Phillips,wendylee@hotmail.com
Ashley Delgado,prattcynthia@gmail.com
Carrie Lewis,uwilson@lang.biz
Gabriella Bell,davidjordan@gmail.com
Beth Andersen,amandaramos@gmail.com
Bradley Henry,kevinsandoval@martinez-gallegos.net
Monica Ellis,jromero@robinson-russell.info
Christopher Moore,brandonlewis@bryant.com
Dana Murray,simmonsdavid@hotmail.com
Brittney Wilkerson,brian53@hernandez-estrada.com
Tracy Hall,karenjohnson@yahoo.com
Chase Stone,joseph89@mendoza.org
Robyn Hatfield,theresamoore@gmail.com
Frank Robertson Jr.,romanchristopher@gmail.com
Jessica Jefferson,bradley66@yahoo.com
Jennifer Adams,gregory42@hotmail.com
Anne Shannon,brendaleon@rogers.com
Austin Rios,itaylor@diaz.com
Mike Steele,johnny09@gibson-mullen.com
Kevin Graves,jeffrey26@hotmail.com
Matthew Jones,jenniferbyrd@gmail.com
Noah Hughes,mcculloughashley@gomez.com
James Turner,vlawson@stone-mullins.com
Andrew Scott,catherine87@gmail.com
Nicole Wells,brownmichael@cain-cuevas.net
Sean Holt,glee@moore.biz
Barbara Flowers,simmonsglenn@yahoo.com
Kimberly Wells,carol06@morgan.com
Scott Bailey,susan16@yahoo.com
Jason Miller,rebeccasherman@wilson.org
Jose Ware,sarahblair@miller.info
Charles Moon,malonejoshua@todd.com
Debra Pratt,maryrice@yahoo.com
John Anderson DVM,stacy02@morris.com
Anthony Smith,jonathan52@moore.org
Courtney Gonzalez,ekerr@bowen.net
James Martin,travisbrianna@hotmail.com
Jesse Scott,woodsdan@bradley.com
Joanna Hendricks,murphyannette@johnson-smith.org
Abigail Gilbert,derricksmith@donaldson.com
Kelly Brooks,vmartin@west-anderson.org
Jacob Sullivan,danielrichardson@hotmail.com
Stephen Wilkins,debrahawkins@clark.com
Benjamin Spence,williambarber@hernandez.com
Susan Thompson,jasonmontgomery@adams-brown.net
Cathy Cooper,benjaminturner@hotmail.com
Ashley Carr,jason82@brennan.net
Sean Richmond,michaeldickerson@yahoo.com
Paul Carr,chavezvincent@yahoo.com
Michael Hammond,tgarrett@contreras.org
Lisa Page,cervantesjoel@hotmail.com
Andrew Vaughn,kathrynsweeney@gmail.com
Tina Lowe,christyburns@yahoo.com
Raymond Wilson,shawnmurphy@yahoo.com
Michael Cordova,deborahross@gmail.com
Gregory Lopez,ntanner@gmail.com
Katherine Lucas,franklinmatthew@simmons.net
Kimberly Cox,jmoss@green-owen.com
Lisa Bruce,masonshelly@hotmail.com
Alex Carroll,oharris@brown.com
Jeffrey Jackson,bushstephanie@yahoo.com
Emily Chambers,rodney52@patterson.com
Tina Durham,qrodriguez@yahoo.com
Tracy Smith,ahendrix@jones-williams.com
Kaitlin Green,brittany41@hotmail.com
Paul Moore,karen86@yahoo.com
Sandra Moore,robertjackson@grimes.com
Timothy Cordova,sara08@long.org
Hannah Martin,againes@hotmail.com
Shawn Lamb,tbrown@yahoo.com
Debra Peterson,randall22@burke-bentley.com
Sherri Holmes,pamelarodriguez@cross.com
Amanda Randall,melissa92@nixon.net
Mark Rice,whitekelly@lee.com
Mrs. Karen Gardner,rmoore@yahoo.com
Ryan Bradford,vpatton@lester.info
Bobby Smith,kellie52@gmail.com
Mr. Andrew Lee,ajones@hotmail.com
Jennifer Bell,barbaralittle@baker-villa.com
Lori Stewart,hjones@miller.com
Trevor Mccarthy,christina46@moreno-murray.net
Tyler Mitchell,snydermary@yahoo.com
Michael Mcdowell,rcolon@hotmail.com
Sarah Lopez,christopherolsen@lopez.biz
Charles Chavez,cherylschneider@estrada.com
Sarah Robinson,christopher19@bell.com
Robert Jones,wparrish@yahoo.com
Lori Smith,aduncan@anthony.com
Curtis Johnson MD,reyesjeffrey@baker.com
Makayla Richards,moorekevin@king.com
Amy King,matthew94@murphy.org
Melody Rodriguez,rushhannah@yahoo.com
Jessica Kerr,shelia28@hotmail.com
Edward Jones,obond@yahoo.com
Jeanette Berry,floressue@yahoo.com
Deanna Khan,robert51@gmail.com
Jesse Johnson,zwagner@avila.com
John Haley,garciajohn@gmail.com
Jamie Morris,teresa60@hotmail.com
Amanda Wilson,mallory16@meyer-odonnell.com
Geoffrey Palmer,underwoodbrian@hotmail.com
Sean Wilson,joshua04@gmail.com
Marvin Mason,marcusbarr@campos.com
Victoria Willis,sford@yahoo.com
Patrick Taylor,lisa73@calderon.com
Kathryn Rodriguez,higginsjoseph@maldonado.com
David Newman,tarafrench@hotmail.com
Christine Mcguire,kelly55@yahoo.com
Marilyn Sanchez,rebeccareynolds@yahoo.com
Taylor Rodriguez,steven00@haas.com
Robert Huang,fordtravis@lowe-martin.biz
Elizabeth Schmitt,felicia48@hernandez.com
Selena Parsons,dixonjamie@andrews-robbins.net
Daniel Smith,yrobinson@atkins-morgan.com
Emily Dixon,ybishop@martinez.com
Gerald Stewart,timothy17@foster.biz
Christian Reyes,sarahwalker@hobbs.com
Helen Campbell,wagnerkaren@cruz-sanchez.com
James Jones,davidfinley@martin.net
Jeremy Lam,milleradam@gmail.com
Christina Bailey,gibsonkatrina@gmail.com
Peter Montes,jakeross@welch.info
Nathan Ford DDS,brucerodgers@yahoo.com
Jack Ingram,cwilliams@schaefer.com
Donna Maxwell,jeffrey06@hotmail.com
Dr. Bradley Forbes,eric79@yahoo.com
Abigail Duncan,bcortez@williams.net
James Ramsey,justin80@hotmail.com
Melissa Cardenas,brewerchristopher@west.biz
Dan Campbell,larry49@gmail.com
Hailey James,laurafletcher@yahoo.com
Raymond Collins,perezchristopher@bright-lee.com
Robert Hamilton,jonesanita@garrison-johnson.info
Mrs. Heather Villarreal,crystalaguirre@robertson-medina.com
Amanda Goodman,moodytracy@johnston.com
Monique Alexander,carlsonwesley@stewart.com
Sherri Anderson,heatherfinley@johns.biz
Peter Mata,psummers@rodriguez.com
Anna Ochoa,rebeccaaustin@yahoo.com
Katherine Silva,xrogers@thompson.biz
Bruce Holmes,lisa93@hotmail.com
Lisa Williams,uholloway@smith.org
Jeffrey Mitchell,qhopkins@gonzalez.com
Kimberly Mitchell,thomas06@carter.com
Bradley Osborne,ifreeman@gmail.com
Mike Cochran,ronnie99@hotmail.com
Alicia Hernandez,kingjeremy@carlson.com
Erica Gonzales,matthew59@yahoo.com
Samuel Smith,janicebyrd@yahoo.com
Eric Zimmerman,jacqueline77@jones.com
Jasmine Moore,nicolerichard@cowan.com
Ryan Porter,richardlawson@hall.biz
Robin Mahoney,thompsonmelanie@nelson.info
Jonathan Turner,nguyenpatrick@sutton.com
Steven Sanchez,cbailey@hotmail.com
Corey Walsh,sarah09@munoz-cross.com
Anthony Stone,youngkristin@yahoo.com
John Holder,smitherin@frederick.com
Thomas Wood,shannon09@mcbride.org
Lindsay Reid,bsteele@clarke.org
Laurie Thomas,lisanguyen@hotmail.com
Renee Gonzalez,mary80@hotmail.com
William Davis,hcoffey@gomez.biz
Kenneth Higgins,john73@yahoo.com
Shannon Gonzalez,parkerdavid@gmail.com
Lisa Garcia,johnmiller@hotmail.com
Thomas Richards,jacksondeanna@gmail.com
Matthew Quinn,brownbethany@bryant.biz
Mary Fitzgerald,diane16@spencer.com
Christopher Hester,julie65@barton.com
Daryl Hopkins,brianosborne@gmail.com
Eric Robinson,cassandrajackson@gmail.com
Kimberly Anderson,brandonwebster@gmail.com
Cindy Harrison,johnsonphillip@yahoo.com
Keith Butler,meghandunn@hotmail.com
David Mckenzie,jonathanortiz@pope.com
Tyler King,barnesalex@gmail.com
Melissa Williams,leonardamanda@gmail.com
Dennis Myers,gabrielle54@yahoo.com
Carlos Moran,sandragarcia@boone.info
Elizabeth Reynolds,randerson@jones.com
Jodi Peterson,dakota27@hotmail.com
Lori Foster,rachelgiles@kennedy.com
Nicholas Parrish,paulcarter@gmail.com
Maria Potter,amythompson@gmail.com
Andrew Torres,carolynhester@gmail.com
Holly Villarreal,ovargas@santos.net
Brian Escobar,rebecca33@yahoo.com
Miss Lisa Marquez,donna25@green.biz
Christopher Welch,wwilson@hotmail.com
Eric King,lisa12@long.info
Mrs. Jessica Burns MD,annettestephenson@hotmail.com
Charles Crosby,szuniga@yahoo.com
Mr. Brent Garcia,hmorris@gmail.com
Victor Jones,karen84@yahoo.com
Calvin Lane,josenelson@maldonado-aguirre.com
Jeffrey Braun,william08@yahoo.com
Brian Lang,iblack@yahoo.com
Amy Johnson MD,jacksonthomas@mcdonald.com
Laura Morris,gmoore@williams.com
Kevin Ingram,benjaminsims@yahoo.com
Tyler Harrison,fhill@yahoo.com
Kristina Adkins,qbecker@kelley.biz
Chad Anderson,pwatson@white.com
Amanda Sanders,stewartsarah@hotmail.com
Thomas Edwards,hurleysarah@gmail.com
Jared Lambert,johnstongeorge@wilson.info
Michael Allen,matthew44@hancock.biz
Crystal Mendez,jessejohnson@wade.net
John Rivera,destinywest@cooper.biz
Christopher Guerra,angelasilva@yahoo.com
Kyle Savage,nancy58@kim.com
Casey Franco MD,lawsonjustin@johnson.info
Melanie Jones,ritterbrett@gmail.com
Amanda Hutchinson,kphillips@newton-sanchez.biz
Jesse Meyer,samuel18@yahoo.com
Kimberly Miller,samantha76@yahoo.com
Adam Patterson,robert40@baker-wells.info
Matthew Scott,audrey87@kaiser-strickland.com
Rachel Gonzales,jasonrichards@yahoo.com
Marvin Alexander,xbarber@briggs-velez.net
Catherine Smith,hmitchell@yahoo.com
Elizabeth Vaughan,benjaminhenry@gmail.com
Dana Miller,underwoodteresa@meyer-green.com
James Mckinney,tony68@wilson.com
David Durham,vromero@hotmail.com
Michael Thompson,karendavis@gmail.com
Mary Gonzalez,daviskyle@dorsey-black.org
Michael Kelly,kpark@yahoo.com
James Shelton,angelapaul@hotmail.com
Mark Sanchez,jedwards@hotmail.com
Larry Irwin,torresernest@gmail.com
Carlos Turner,jeremypacheco@yahoo.com
Daniel Glenn,kelly77@yahoo.com
Jasmine Aguirre,katiehansen@banks-carter.info
Edward Miller,huynhgregory@wells-woods.com
Douglas Turner,john34@pierce-martin.com
Julie Evans,xphillips@gmail.com
Jack Taylor,pachecoralph@hotmail.com
Michael Watson,delacruzrichard@baker.biz
Toni Morrow,stevenhaney@jensen.com
David Hall,dmckinney@yahoo.com
Melinda Gilmore,heidi13@gmail.com
Jeffrey Perez,kaiserkristen@contreras.info
Dr. Margaret Dodson,hfranco@gmail.com
Elizabeth Sanchez,robinsonjohn@costa.biz
Seth Cox,tommy76@miller.com
Timothy Golden,angela56@green-lee.com
Shirley Warren,makaylawagner@gmail.com
Brad Payne,phowell@nelson-harrison.net
Jennifer Crane,phelpsshawn@gmail.com
Hayley Powell,sherry82@lloyd.biz
Mr. Jeffrey Smith Jr.,mhill@hotmail.com
David Edwards,kinglisa@hotmail.com
Harold Schmidt,tbennett@peterson.info
Leonard Little,pbailey@cook.com
Tina Clements,trevoraustin@chung.com
Meredith Benitez,smiththomas@hotmail.com
Catherine Garrett,mcortez@jones.org
Bryan Shannon,qnelson@yahoo.com
